Id,FirstName,LastName,Email,Source,Created,Summary,Phone,ApplicationTitle,ApplicationStatus,ApplicationType,ApplicationSource,ApplicationCreated,Shortlisted,AiQualification,LevelTitle,AutomatedScore,ManualScore
109,"Christopher","White","christopher_white_95@gmail.com","Manual Entry",2024-05-10 10:17:02,"Software Developer with 4 years of experience in developing web and mobile applications. Proficient in a range of programming languages, with a focus on frontend development. Eager to join a dynamic team where I can contribute to developing innovative software solutions.",,"Software Developer","Applied","Job","Manual Entry","05/10/2024 10:17:02",False,3,Highly Qualified,9.33,0.00
108,"Christopher","White","christopher_white_93@gmail.com","Manual Entry",2024-05-10 10:17:02,"Software Developer with 4 years of experience in developing web and mobile applications. Proficient in a range of programming languages, with a focus on frontend development. Eager to join a dynamic team where I can contribute to developing innovative software solutions.",,"Software Developer","Applied","Job","Manual Entry","05/10/2024 10:17:02",False,2,Qualified,7.33,0.00
107,"Christopher","White","christopher_white_90@gmail.com","Manual Entry",2024-05-10 10:16:59,"Software Developer with 4 years of experience in developing web and mobile applications. Proficient in a range of programming languages, with a focus on frontend development. Eager to join a dynamic team where I can contribute to developing innovative software solutions.",,"Software Developer","Applied","Job","Manual Entry","05/10/2024 10:16:59",False,3,Highly Qualified,9.00,0.00
106,"Christopher","White","christopher_white_73@gmail.com","Manual Entry",2024-05-10 10:16:56,"Software Developer with 4 years of experience in developing web and mobile applications. Proficient in a range of programming languages, with a focus on frontend development. Eager to join a dynamic team where I can contribute to developing innovative software solutions.",,"Software Developer","Applied","Job","Manual Entry","05/10/2024 10:16:56",False,3,Highly Qualified,9.17,0.00
105,"Christopher","White","christopher_white_69@gmail.com","Manual Entry",2024-05-10 10:16:53,"Software Developer with 4 years of experience in developing web and mobile applications. Proficient in a range of programming languages, with a focus on frontend development. Eager to join a dynamic team where I can contribute to developing innovative software solutions.",,"Software Developer","Applied","Job","Manual Entry","05/10/2024 10:16:53",False,2,Qualified,7.33,0.00
104,"Christopher","White","christopher_white_98@gmail.com","Manual Entry",2024-05-10 10:16:53,"Software Developer with 4 years of experience in developing web and mobile applications. Proficient in a range of programming languages, with a focus on frontend development. Eager to join a dynamic team where I can contribute to developing innovative software solutions.",,"Software Developer","Applied","Job","Manual Entry","05/10/2024 10:16:53",False,2,Qualified,7.67,0.00
103,"Christopher","White","christopher_white_91@gmail.com","Manual Entry",2024-05-10 10:16:53,"Software Developer with 4 years of experience in developing web and mobile applications. Proficient in a range of programming languages, with a focus on frontend development. Eager to join a dynamic team where I can contribute to developing innovative software solutions.",,"Software Developer","Applied","Job","Manual Entry","05/10/2024 10:16:53",False,2,Qualified,7.33,0.00
102,"Christopher","White","christopher_white_87@gmail.com","Manual Entry",2024-05-10 10:16:53,"Software Developer with 4 years of experience in developing web and mobile applications. Proficient in a range of programming languages, with a focus on frontend development. Eager to join a dynamic team where I can contribute to developing innovative software solutions.",,"Software Developer","Applied","Job","Manual Entry","05/10/2024 10:16:53",False,2,Qualified,7.67,0.00
101,"Christopher","White","christopher_white_83@gmail.com","Manual Entry",2024-05-10 10:16:49,"Software Developer with 4 years of experience in developing web and mobile applications. Proficient in a range of programming languages, with a focus on frontend development. Eager to join a dynamic team where I can contribute to developing innovative software solutions.",,"Software Developer","Applied","Job","Manual Entry","05/10/2024 10:16:49",False,2,Qualified,6.77,0.00
100,"Christopher","White","christopher_white_82@gmail.com","Manual Entry",2024-05-10 10:16:46,"Software Developer with 4 years of experience in developing web and mobile applications. Proficient in a range of programming languages, with a focus on frontend development. Eager to join a dynamic team where I can contribute to developing innovative software solutions.",,"Software Developer","Applied","Job","Manual Entry","05/10/2024 10:16:46",False,2,Qualified,6.77,0.00
99,"Christopher","White","christopher_white_79@gmail.com","Manual Entry",2024-05-10 10:16:44,"Software Developer with 4 years of experience in developing web and mobile applications. Proficient in a range of programming languages, with a focus on frontend development. Eager to join a dynamic team where I can contribute to developing innovative software solutions.",,"Software Developer","Applied","Job","Manual Entry","05/10/2024 10:16:44",False,3,Highly Qualified,8.43,0.00
98,"Christopher","White","christopher_white_59@gmail.com","Manual Entry",2024-05-10 10:16:43,"Software Developer with 4 years of experience in developing web and mobile applications. Proficient in a range of programming languages, with a focus on frontend development. Eager to join a dynamic team where I can contribute to developing innovative software solutions.",,"Software Developer","Applied","Job","Manual Entry","05/10/2024 10:16:43",False,2,Qualified,7.33,0.00
97,"Christopher","White","christopher_white_54@gmail.com","Manual Entry",2024-05-10 10:16:43,"Software Developer with 4 years of experience in developing web and mobile applications. Proficient in a range of programming languages, with a focus on frontend development. Eager to join a dynamic team where I can contribute to developing innovative software solutions.",,"Software Developer","Applied","Job","Manual Entry","05/10/2024 10:16:43",False,2,Qualified,7.33,0.00
96,"Christopher","White","christopher_white_74@gmail.com","Manual Entry",2024-05-10 10:16:42,"Software Developer with 4 years of experience in developing web and mobile applications. Proficient in a range of programming languages, with a focus on frontend development. Eager to join a dynamic team where I can contribute to developing innovative software solutions.",,"Software Developer","Applied","Job","Manual Entry","05/10/2024 10:16:42",False,2,Qualified,7.33,0.00
95,"Christopher","White","christopher_white_52@gmail.com","Manual Entry",2024-05-10 10:16:39,"Software Developer with 4 years of experience in developing web and mobile applications. Proficient in a range of programming languages, with a focus on frontend development. Eager to join a dynamic team where I can contribute to developing innovative software solutions.",,"Software Developer","Applied","Job","Manual Entry","05/10/2024 10:16:39",False,2,Qualified,7.33,0.00
94,"Christopher","White","christopher_white_99@gmail.com","Manual Entry",2024-05-10 10:16:36,"Software Developer with 4 years of experience in developing web and mobile applications. Proficient in a range of programming languages, with a focus on frontend development. Eager to join a dynamic team where I can contribute to developing innovative software solutions.",,"Software Developer","Applied","Job","Manual Entry","05/10/2024 10:16:36",False,2,Qualified,7.67,0.00
93,"Christopher","White","christopher_white_92@gmail.com","Manual Entry",2024-05-10 10:16:34,"Software Developer with 4 years of experience in developing web and mobile applications. Proficient in a range of programming languages, with a focus on frontend development. Eager to join a dynamic team where I can contribute to developing innovative software solutions.",,"Software Developer","Applied","Job","Manual Entry","05/10/2024 10:16:34",False,2,Qualified,7.33,0.00
92,"Christopher","White","christopher_white_88@gmail.com","Manual Entry",2024-05-10 10:16:33,"Software Developer with 4 years of experience in developing web and mobile applications. Proficient in a range of programming languages, with a focus on frontend development. Eager to join a dynamic team where I can contribute to developing innovative software solutions.",,"Software Developer","Applied","Job","Manual Entry","05/10/2024 10:16:33",False,2,Qualified,7.33,0.00
91,"Christopher","White","christopher_white_85@gmail.com","Manual Entry",2024-05-10 10:16:33,"Software Developer with 4 years of experience in developing web and mobile applications. Proficient in a range of programming languages, with a focus on frontend development. Eager to join a dynamic team where I can contribute to developing innovative software solutions.",,"Software Developer","Applied","Job","Manual Entry","05/10/2024 10:16:33",False,2,Qualified,7.33,0.00
90,"Christopher","White","christopher_white_84@gmail.com","Manual Entry",2024-05-10 10:16:33,"Software Developer with 4 years of experience in developing web and mobile applications. Proficient in a range of programming languages, with a focus on frontend development. Eager to join a dynamic team where I can contribute to developing innovative software solutions.",,"Software Developer","Applied","Job","Manual Entry","05/10/2024 10:16:33",False,2,Qualified,7.33,0.00
89,"Christopher","White","christopher_white_80@gmail.com","Manual Entry",2024-05-10 10:16:30,"Software Developer with 4 years of experience in developing web and mobile applications. Proficient in a range of programming languages, with a focus on frontend development. Eager to join a dynamic team where I can contribute to developing innovative software solutions.",,"Software Developer","Applied","Job","Manual Entry","05/10/2024 10:16:30",False,2,Qualified,7.33,0.00
88,"Christopher","White","christopher_white_71@gmail.com","Manual Entry",2024-05-10 10:16:25,"Software Developer with 4 years of experience in developing web and mobile applications. Proficient in a range of programming languages, with a focus on frontend development. Eager to join a dynamic team where I can contribute to developing innovative software solutions.",,"Software Developer","Applied","Job","Manual Entry","05/10/2024 10:16:25",False,2,Qualified,6.77,0.00
87,"Christopher","White","christopher_white_56@gmail.com","Manual Entry",2024-05-10 10:16:24,"Software Developer with 4 years of experience in developing web and mobile applications. Proficient in a range of programming languages, with a focus on frontend development. Eager to join a dynamic team where I can contribute to developing innovative software solutions.",,"Software Developer","Applied","Job","Manual Entry","05/10/2024 10:16:24",False,2,Qualified,7.33,0.00
86,"Christopher","White","christopher_white_64@gmail.com","Manual Entry",2024-05-10 10:16:24,"Software Developer with 4 years of experience in developing web and mobile applications. Proficient in a range of programming languages, with a focus on frontend development. Eager to join a dynamic team where I can contribute to developing innovative software solutions.",,"Software Developer","Applied","Job","Manual Entry","05/10/2024 10:16:24",False,2,Qualified,7.33,0.00
85,"Christopher","White","christopher_white_51@gmail.com","Manual Entry",2024-05-10 10:16:23,"Software Developer with 4 years of experience in developing web and mobile applications. Proficient in a range of programming languages, with a focus on frontend development. Eager to join a dynamic team where I can contribute to developing innovative software solutions.",,"Software Developer","Applied","Job","Manual Entry","05/10/2024 10:16:23",False,2,Qualified,7.33,0.00
84,"Christopher","White","christopher_white_100@gmail.com","Manual Entry",2024-05-10 10:16:22,"Software Developer with 4 years of experience in developing web and mobile applications. Proficient in a range of programming languages, with a focus on frontend development. Eager to join a dynamic team where I can contribute to developing innovative software solutions.",,"Software Developer","Applied","Job","Manual Entry","05/10/2024 10:16:22",False,2,Qualified,6.77,0.00
83,"Christopher","White","christopher_white_97@gmail.com","Manual Entry",2024-05-10 10:16:20,"Software Developer with 4 years of experience in developing web and mobile applications. Proficient in a range of programming languages, with a focus on frontend development. Eager to join a dynamic team where I can contribute to developing innovative software solutions.",,"Software Developer","Applied","Job","Manual Entry","05/10/2024 10:16:20",False,2,Qualified,7.33,0.00
82,"Christopher","White","christopher_white_96@gmail.com","Manual Entry",2024-05-10 10:16:16,"Software Developer with 4 years of experience in developing web and mobile applications. Proficient in a range of programming languages, with a focus on frontend development. Eager to join a dynamic team where I can contribute to developing innovative software solutions.",,"Software Developer","Applied","Job","Manual Entry","05/10/2024 10:16:16",False,2,Qualified,6.93,0.00
81,"Christopher","White","christopher_white_94@gmail.com","Manual Entry",2024-05-10 10:16:14,"Software Developer with 4 years of experience in developing web and mobile applications. Proficient in a range of programming languages, with a focus on frontend development. Eager to join a dynamic team where I can contribute to developing innovative software solutions.",,"Software Developer","Applied","Job","Manual Entry","05/10/2024 10:16:14",False,2,Qualified,7.33,0.00
80,"Christopher","White","christopher_white_86@gmail.com","Manual Entry",2024-05-10 10:16:14,"Software Developer with 4 years of experience in developing web and mobile applications. Proficient in a range of programming languages, with a focus on frontend development. Eager to join a dynamic team where I can contribute to developing innovative software solutions.",,"Software Developer","Applied","Job","Manual Entry","05/10/2024 10:16:14",False,3,Highly Qualified,9.00,0.00
79,"Christopher","White","christopher_white_81@gmail.com","Manual Entry",2024-05-10 10:16:13,"Software Developer with 4 years of experience in developing web and mobile applications. Proficient in a range of programming languages, with a focus on frontend development. Eager to join a dynamic team where I can contribute to developing innovative software solutions.",,"Software Developer","Applied","Job","Manual Entry","05/10/2024 10:16:13",False,2,Qualified,7.33,0.00
78,"Christopher","White","christopher_white_72@gmail.com","Manual Entry",2024-05-10 10:16:12,"Software Developer with 4 years of experience in developing web and mobile applications. Proficient in a range of programming languages, with a focus on frontend development. Eager to join a dynamic team where I can contribute to developing innovative software solutions.",,"Software Developer","Applied","Job","Manual Entry","05/10/2024 10:16:12",False,3,Highly Qualified,9.17,0.00
77,"Christopher","White","christopher_white_68@gmail.com","Manual Entry",2024-05-10 10:16:09,"Software Developer with 4 years of experience in developing web and mobile applications. Proficient in a range of programming languages, with a focus on frontend development. Eager to join a dynamic team where I can contribute to developing innovative software solutions.",,"Software Developer","Applied","Job","Manual Entry","05/10/2024 10:16:09",False,2,Qualified,7.33,0.00
76,"Christopher","White","christopher_white_60@gmail.com","Manual Entry",2024-05-10 10:16:04,"Software Developer with 4 years of experience in developing web and mobile applications. Proficient in a range of programming languages, with a focus on frontend development. Eager to join a dynamic team where I can contribute to developing innovative software solutions.",,"Software Developer","Applied","Job","Manual Entry","05/10/2024 10:16:04",False,2,Qualified,7.33,0.00
75,"Christopher","White","christopher_white_55@gmail.com","Manual Entry",2024-05-10 10:16:04,"Software Developer with 4 years of experience in developing web and mobile applications. Proficient in a range of programming languages, with a focus on frontend development. Eager to join a dynamic team where I can contribute to developing innovative software solutions.",,"Software Developer","Applied","Job","Manual Entry","05/10/2024 10:16:04",False,2,Qualified,7.67,0.00
74,"Christopher","White","christopher_white_65@gmail.com","Manual Entry",2024-05-10 10:16:03,"Software Developer with 4 years of experience in developing web and mobile applications. Proficient in a range of programming languages, with a focus on frontend development. Eager to join a dynamic team where I can contribute to developing innovative software solutions.",,"Software Developer","Applied","Job","Manual Entry","05/10/2024 10:16:03",False,2,Qualified,7.33,0.00
73,"Christopher","White","christopher_white_61@gmail.com","Manual Entry",2024-05-10 10:16:03,"Software Developer with 4 years of experience in developing web and mobile applications. Proficient in a range of programming languages, with a focus on frontend development. Eager to join a dynamic team where I can contribute to developing innovative software solutions.",,"Software Developer","Applied","Job","Manual Entry","05/10/2024 10:16:03",False,3,Highly Qualified,9.33,0.00
72,"Christopher","White","christopher_white_67@gmail.com","Manual Entry",2024-05-10 10:16:03,"Software Developer with 4 years of experience in developing web and mobile applications. Proficient in a range of programming languages, with a focus on frontend development. Eager to join a dynamic team where I can contribute to developing innovative software solutions.",,"Software Developer","Applied","Job","Manual Entry","05/10/2024 10:16:03",False,2,Qualified,7.33,0.00
71,"Christopher","White","christopher_white_89@gmail.com","Manual Entry",2024-05-10 10:15:58,"Software Developer with 4 years of experience in developing web and mobile applications. Proficient in a range of programming languages, with a focus on frontend development. Eager to join a dynamic team where I can contribute to developing innovative software solutions.",,"Software Developer","Applied","Job","Manual Entry","05/10/2024 10:15:58",False,2,Qualified,7.33,0.00
70,"Christopher","White","christopher_white_75@gmail.com","Manual Entry",2024-05-10 10:15:54,"Software Developer with 4 years of experience in developing web and mobile applications. Proficient in a range of programming languages, with a focus on frontend development. Eager to join a dynamic team where I can contribute to developing innovative software solutions.",,"Software Developer","Applied","Job","Manual Entry","05/10/2024 10:15:54",False,2,Qualified,7.33,0.00
69,"Christopher","White","christopher_white_70@gmail.com","Manual Entry",2024-05-10 10:15:53,"Software Developer with 4 years of experience in developing web and mobile applications. Proficient in a range of programming languages, with a focus on frontend development. Eager to join a dynamic team where I can contribute to developing innovative software solutions.",,"Software Developer","Applied","Job","Manual Entry","05/10/2024 10:15:53",False,2,Qualified,7.50,0.00
68,"Christopher","White","christopher_white_66@gmail.com","Manual Entry",2024-05-10 10:15:53,"Software Developer with 4 years of experience in developing web and mobile applications. Proficient in a range of programming languages, with a focus on frontend development. Eager to join a dynamic team where I can contribute to developing innovative software solutions.",,"Software Developer","Applied","Job","Manual Entry","05/10/2024 10:15:53",False,2,Qualified,7.33,0.00
67,"Christopher","White","christopher_white_76@gmail.com","Manual Entry",2024-05-10 10:15:53,"Software Developer with 4 years of experience in developing web and mobile applications. Proficient in a range of programming languages, with a focus on frontend development. Eager to join a dynamic team where I can contribute to developing innovative software solutions.",,"Software Developer","Applied","Job","Manual Entry","05/10/2024 10:15:53",False,2,Qualified,6.93,0.00
66,"Christopher","White","christopher_white_58@gmail.com","Manual Entry",2024-05-10 10:15:52,"Software Developer with 4 years of experience in developing web and mobile applications. Proficient in a range of programming languages, with a focus on frontend development. Eager to join a dynamic team where I can contribute to developing innovative software solutions.",,"Software Developer","Applied","Job","Manual Entry","05/10/2024 10:15:52",False,2,Qualified,7.33,0.00
65,"Christopher","White","christopher_white_57@gmail.com","Manual Entry",2024-05-10 10:15:47,"Software Developer with 4 years of experience in developing web and mobile applications. Proficient in a range of programming languages, with a focus on frontend development. Eager to join a dynamic team where I can contribute to developing innovative software solutions.",,"Software Developer","Applied","Job","Manual Entry","05/10/2024 10:15:47",False,2,Qualified,7.33,0.00
64,"Christopher","White","christopher_white_62@gmail.com","Manual Entry",2024-05-10 10:15:44,"Software Developer with 4 years of experience in developing web and mobile applications. Proficient in a range of programming languages, with a focus on frontend development. Eager to join a dynamic team where I can contribute to developing innovative software solutions.",,"Software Developer","Applied","Job","Manual Entry","05/10/2024 10:15:44",False,3,Highly Qualified,9.00,0.00
63,"Christopher","White","christopher_white_78@gmail.com","Manual Entry",2024-05-10 10:15:44,"Software Developer with 4 years of experience in developing web and mobile applications. Proficient in a range of programming languages, with a focus on frontend development. Eager to join a dynamic team where I can contribute to developing innovative software solutions.",,"Software Developer","Applied","Job","Manual Entry","05/10/2024 10:15:44",False,2,Qualified,6.77,0.00
62,"Christopher","White","christopher_white_53@gmail.com","Manual Entry",2024-05-10 10:15:44,"Software Developer with 4 years of experience in developing web and mobile applications. Proficient in a range of programming languages, with a focus on frontend development. Eager to join a dynamic team where I can contribute to developing innovative software solutions.",,"Software Developer","Applied","Job","Manual Entry","05/10/2024 10:15:44",False,3,Highly Qualified,9.00,0.00
61,"Christopher","White","christopher_white_77@gmail.com","Manual Entry",2024-05-10 10:15:43,"Software Developer with 4 years of experience in developing web and mobile applications. Proficient in a range of programming languages, with a focus on frontend development. Eager to join a dynamic team where I can contribute to developing innovative software solutions.",,"Software Developer","Applied","Job","Manual Entry","05/10/2024 10:15:43",False,2,Qualified,6.77,0.00
60,"Christopher","White","christopher_white_63@gmail.com","Manual Entry",2024-05-10 10:15:42,"Software Developer with 4 years of experience in developing web and mobile applications. Proficient in a range of programming languages, with a focus on frontend development. Eager to join a dynamic team where I can contribute to developing innovative software solutions.",,"Software Developer","Applied","Job","Manual Entry","05/10/2024 10:15:42",False,2,Qualified,7.50,0.00
59,"Christopher","White","christopher_white_20@gmail.com","Manual Entry",2024-05-10 10:14:52,"Software Developer with 4 years of experience in developing web and mobile applications. Proficient in a range of programming languages, with a focus on frontend development. Eager to join a dynamic team where I can contribute to developing innovative software solutions.",,"Software Developer","Applied","Job","Manual Entry","05/10/2024 10:14:52",False,2,Qualified,7.33,0.00
58,"Christopher","White","christopher_white_46@gmail.com","Manual Entry",2024-05-10 10:14:48,"Software Developer with 4 years of experience in developing web and mobile applications. Proficient in a range of programming languages, with a focus on frontend development. Eager to join a dynamic team where I can contribute to developing innovative software solutions.",,"Software Developer","Applied","Job","Manual Entry","05/10/2024 10:14:48",False,2,Qualified,7.33,0.00
57,"Christopher","White","christopher_white_45@gmail.com","Manual Entry",2024-05-10 10:14:47,"Software Developer with 4 years of experience in developing web and mobile applications. Proficient in a range of programming languages, with a focus on frontend development. Eager to join a dynamic team where I can contribute to developing innovative software solutions.",,"Software Developer","Applied","Job","Manual Entry","05/10/2024 10:14:47",False,2,Qualified,7.33,0.00
56,"Christopher","White","christopher_white_36@gmail.com","Manual Entry",2024-05-10 10:14:44,"Software Developer with 4 years of experience in developing web and mobile applications. Proficient in a range of programming languages, with a focus on frontend development. Eager to join a dynamic team where I can contribute to developing innovative software solutions.",,"Software Developer","Applied","Job","Manual Entry","05/10/2024 10:14:44",False,2,Qualified,7.50,0.00
55,"Christopher","White","christopher_white_50@gmail.com","Manual Entry",2024-05-10 10:14:43,"Software Developer with 4 years of experience in developing web and mobile applications. Proficient in a range of programming languages, with a focus on frontend development. Eager to join a dynamic team where I can contribute to developing innovative software solutions.",,"Software Developer","Applied","Job","Manual Entry","05/10/2024 10:14:43",False,2,Qualified,7.33,0.00
54,"Christopher","White","christopher_white_49@gmail.com","Manual Entry",2024-05-10 10:14:42,"Software Developer with 4 years of experience in developing web and mobile applications. Proficient in a range of programming languages, with a focus on frontend development. Eager to join a dynamic team where I can contribute to developing innovative software solutions.",,"Software Developer","Applied","Job","Manual Entry","05/10/2024 10:14:42",False,2,Qualified,7.33,0.00
53,"Christopher","White","christopher_white_35@gmail.com","Manual Entry",2024-05-10 10:14:39,"Software Developer with 4 years of experience in developing web and mobile applications. Proficient in a range of programming languages, with a focus on frontend development. Eager to join a dynamic team where I can contribute to developing innovative software solutions.",,"Software Developer","Applied","Job","Manual Entry","05/10/2024 10:14:39",False,2,Qualified,7.33,0.00
52,"Christopher","White","christopher_white_26@gmail.com","Manual Entry",2024-05-10 10:14:38,"Software Developer with 4 years of experience in developing web and mobile applications. Proficient in a range of programming languages, with a focus on frontend development. Eager to join a dynamic team where I can contribute to developing innovative software solutions.",,"Software Developer","Applied","Job","Manual Entry","05/10/2024 10:14:38",False,2,Qualified,7.33,0.00
51,"Christopher","White","christopher_white_18@gmail.com","Manual Entry",2024-05-10 10:14:35,"Software Developer with 4 years of experience in developing web and mobile applications. Proficient in a range of programming languages, with a focus on frontend development. Eager to join a dynamic team where I can contribute to developing innovative software solutions.",,"Software Developer","Applied","Job","Manual Entry","05/10/2024 10:14:35",False,3,Highly Qualified,9.33,0.00
50,"Christopher","White","christopher_white_23@gmail.com","Manual Entry",2024-05-10 10:14:33,"Software Developer with 4 years of experience in developing web and mobile applications. Proficient in a range of programming languages, with a focus on frontend development. Eager to join a dynamic team where I can contribute to developing innovative software solutions.",,"Software Developer","Applied","Job","Manual Entry","05/10/2024 10:14:33",False,2,Qualified,7.33,0.00
49,"Christopher","White","christopher_white_7@gmail.com","Manual Entry",2024-05-10 10:14:32,"Software Developer with 4 years of experience in developing web and mobile applications. Proficient in a range of programming languages, with a focus on frontend development. Eager to join a dynamic team where I can contribute to developing innovative software solutions.",,"Software Developer","Applied","Job","Manual Entry","05/10/2024 10:14:32",False,2,Qualified,7.67,0.00
48,"Christopher","White","christopher_white_4@gmail.com","Manual Entry",2024-05-10 10:14:30,"Software Developer with 4 years of experience in developing web and mobile applications. Proficient in a range of programming languages, with a focus on frontend development. Eager to join a dynamic team where I can contribute to developing innovative software solutions.",,"Software Developer","Applied","Job","Manual Entry","05/10/2024 10:14:30",False,2,Qualified,7.33,0.00
47,"Christopher","White","christopher_white_44@gmail.com","Manual Entry",2024-05-10 10:14:29,"Software Developer with 4 years of experience in developing web and mobile applications. Proficient in a range of programming languages, with a focus on frontend development. Eager to join a dynamic team where I can contribute to developing innovative software solutions.",,"Software Developer","Applied","Job","Manual Entry","05/10/2024 10:14:29",False,3,Highly Qualified,9.00,0.00
46,"Christopher","White","christopher_white_41@gmail.com","Manual Entry",2024-05-10 10:14:27,"Software Developer with 4 years of experience in developing web and mobile applications. Proficient in a range of programming languages, with a focus on frontend development. Eager to join a dynamic team where I can contribute to developing innovative software solutions.",,"Software Developer","Applied","Job","Manual Entry","05/10/2024 10:14:27",False,2,Qualified,7.33,0.00
45,"Christopher","White","christopher_white_39@gmail.com","Manual Entry",2024-05-10 10:14:23,"Software Developer with 4 years of experience in developing web and mobile applications. Proficient in a range of programming languages, with a focus on frontend development. Eager to join a dynamic team where I can contribute to developing innovative software solutions.",,"Software Developer","Applied","Job","Manual Entry","05/10/2024 10:14:23",False,2,Qualified,7.33,0.00
44,"Christopher","White","christopher_white_38@gmail.com","Manual Entry",2024-05-10 10:14:23,"Software Developer with 4 years of experience in developing web and mobile applications. Proficient in a range of programming languages, with a focus on frontend development. Eager to join a dynamic team where I can contribute to developing innovative software solutions.",,"Software Developer","Applied","Job","Manual Entry","05/10/2024 10:14:23",False,2,Qualified,7.33,0.00
43,"Christopher","White","christopher_white_37@gmail.com","Manual Entry",2024-05-10 10:14:22,"Software Developer with 4 years of experience in developing web and mobile applications. Proficient in a range of programming languages, with a focus on frontend development. Eager to join a dynamic team where I can contribute to developing innovative software solutions.",,"Software Developer","Applied","Job","Manual Entry","05/10/2024 10:14:22",False,2,Qualified,7.33,0.00
42,"Christopher","White","christopher_white_34@gmail.com","Manual Entry",2024-05-10 10:14:20,"Software Developer with 4 years of experience in developing web and mobile applications. Proficient in a range of programming languages, with a focus on frontend development. Eager to join a dynamic team where I can contribute to developing innovative software solutions.",,"Software Developer","Applied","Job","Manual Entry","05/10/2024 10:14:20",False,2,Qualified,7.50,0.00
41,"Christopher","White","christopher_white_33@gmail.com","Manual Entry",2024-05-10 10:14:20,"Software Developer with 4 years of experience in developing web and mobile applications. Proficient in a range of programming languages, with a focus on frontend development. Eager to join a dynamic team where I can contribute to developing innovative software solutions.",,"Software Developer","Applied","Job","Manual Entry","05/10/2024 10:14:20",False,2,Qualified,7.33,0.00
40,"Christopher","White","christopher_white_17@gmail.com","Manual Entry",2024-05-10 10:14:19,"Software Developer with 4 years of experience in developing web and mobile applications. Proficient in a range of programming languages, with a focus on frontend development. Eager to join a dynamic team where I can contribute to developing innovative software solutions.",,"Software Developer","Applied","Job","Manual Entry","05/10/2024 10:14:19",False,2,Qualified,7.33,0.00
39,"Christopher","White","christopher_white_14@gmail.com","Manual Entry",2024-05-10 10:14:13,"Software Developer with 4 years of experience in developing web and mobile applications. Proficient in a range of programming languages, with a focus on frontend development. Eager to join a dynamic team where I can contribute to developing innovative software solutions.",,"Software Developer","Applied","Job","Manual Entry","05/10/2024 10:14:13",False,2,Qualified,7.50,0.00
38,"Christopher","White","christopher_white_3@gmail.com","Manual Entry",2024-05-10 10:14:13,"Software Developer with 4 years of experience in developing web and mobile applications. Proficient in a range of programming languages, with a focus on frontend development. Eager to join a dynamic team where I can contribute to developing innovative software solutions.",,"Software Developer","Applied","Job","Manual Entry","05/10/2024 10:14:13",False,2,Qualified,7.50,0.00
37,"Christopher","White","christopher_white_2@gmail.com","Manual Entry",2024-05-10 10:14:12,"Software Developer with 4 years of experience in developing web and mobile applications. Proficient in a range of programming languages, with a focus on frontend development. Eager to join a dynamic team where I can contribute to developing innovative software solutions.",,"Software Developer","Applied","Job","Manual Entry","05/10/2024 10:14:12",False,2,Qualified,7.33,0.00
36,"Christopher","White","christopher_white_43@gmail.com","Manual Entry",2024-05-10 10:14:10,"Software Developer with 4 years of experience in developing web and mobile applications. Proficient in a range of programming languages, with a focus on frontend development. Eager to join a dynamic team where I can contribute to developing innovative software solutions.",,"Software Developer","Applied","Job","Manual Entry","05/10/2024 10:14:10",False,2,Qualified,7.33,0.00
35,"Christopher","White","christopher_white_47@gmail.com","Manual Entry",2024-05-10 10:14:10,"Software Developer with 4 years of experience in developing web and mobile applications. Proficient in a range of programming languages, with a focus on frontend development. Eager to join a dynamic team where I can contribute to developing innovative software solutions.",,"Software Developer","Applied","Job","Manual Entry","05/10/2024 10:14:10",False,2,Qualified,7.33,0.00
34,"Christopher","White","christopher_white_40@gmail.com","Manual Entry",2024-05-10 10:14:08,"Software Developer with 4 years of experience in developing web and mobile applications. Proficient in a range of programming languages, with a focus on frontend development. Eager to join a dynamic team where I can contribute to developing innovative software solutions.",,"Software Developer","Applied","Job","Manual Entry","05/10/2024 10:14:08",False,2,Qualified,7.33,0.00
33,"Christopher","White","christopher_white_32@gmail.com","Manual Entry",2024-05-10 10:14:04,"Software Developer with 4 years of experience in developing web and mobile applications. Proficient in a range of programming languages, with a focus on frontend development. Eager to join a dynamic team where I can contribute to developing innovative software solutions.",,"Software Developer","Applied","Job","Manual Entry","05/10/2024 10:14:04",False,2,Qualified,7.50,0.00
32,"Christopher","White","christopher_white_28@gmail.com","Manual Entry",2024-05-10 10:14:02,"Software Developer with 4 years of experience in developing web and mobile applications. Proficient in a range of programming languages, with a focus on frontend development. Eager to join a dynamic team where I can contribute to developing innovative software solutions.",,"Software Developer","Applied","Job","Manual Entry","05/10/2024 10:14:02",False,3,Highly Qualified,9.17,0.00
31,"Christopher","White","christopher_white_31@gmail.com","Manual Entry",2024-05-10 10:14:01,"Software Developer with 4 years of experience in developing web and mobile applications. Proficient in a range of programming languages, with a focus on frontend development. Eager to join a dynamic team where I can contribute to developing innovative software solutions.",,"Software Developer","Applied","Job","Manual Entry","05/10/2024 10:14:01",False,2,Qualified,7.67,0.00
30,"Christopher","White","christopher_white_29@gmail.com","Manual Entry",2024-05-10 10:14:00,"Software Developer with 4 years of experience in developing web and mobile applications. Proficient in a range of programming languages, with a focus on frontend development. Eager to join a dynamic team where I can contribute to developing innovative software solutions.",,"Software Developer","Applied","Job","Manual Entry","05/10/2024 10:14:00",False,2,Qualified,7.33,0.00
29,"Christopher","White","christopher_white_27@gmail.com","Manual Entry",2024-05-10 10:14:00,"Software Developer with 4 years of experience in developing web and mobile applications. Proficient in a range of programming languages, with a focus on frontend development. Eager to join a dynamic team where I can contribute to developing innovative software solutions.",,"Software Developer","Applied","Job","Manual Entry","05/10/2024 10:14:00",False,3,Highly Qualified,9.00,0.00
28,"Christopher","White","christopher_white_16@gmail.com","Manual Entry",2024-05-10 10:13:58,"Software Developer with 4 years of experience in developing web and mobile applications. Proficient in a range of programming languages, with a focus on frontend development. Eager to join a dynamic team where I can contribute to developing innovative software solutions.",,"Software Developer","Applied","Job","Manual Entry","05/10/2024 10:13:59",False,2,Qualified,6.77,0.00
27,"Christopher","White","christopher_white_15@gmail.com","Manual Entry",2024-05-10 10:13:54,"Software Developer with 4 years of experience in developing web and mobile applications. Proficient in a range of programming languages, with a focus on frontend development. Eager to join a dynamic team where I can contribute to developing innovative software solutions.",,"Software Developer","Applied","Job","Manual Entry","05/10/2024 10:13:54",False,2,Qualified,7.67,0.00
26,"Christopher","White","christopher_white_13@gmail.com","Manual Entry",2024-05-10 10:13:50,"Software Developer with 4 years of experience in developing web and mobile applications. Proficient in a range of programming languages, with a focus on frontend development. Eager to join a dynamic team where I can contribute to developing innovative software solutions.",,"Software Developer","Applied","Job","Manual Entry","05/10/2024 10:13:50",False,2,Qualified,7.33,0.00
25,"Christopher","White","christopher_white_12@gmail.com","Manual Entry",2024-05-10 10:13:50,"Software Developer with 4 years of experience in developing web and mobile applications. Proficient in a range of programming languages, with a focus on frontend development. Eager to join a dynamic team where I can contribute to developing innovative software solutions.",,"Software Developer","Applied","Job","Manual Entry","05/10/2024 10:13:50",False,2,Qualified,7.33,0.00
24,"Christopher","White","christopher_white_11@gmail.com","Manual Entry",2024-05-10 10:13:50,"Software Developer with 4 years of experience in developing web and mobile applications. Proficient in a range of programming languages, with a focus on frontend development. Eager to join a dynamic team where I can contribute to developing innovative software solutions.",,"Software Developer","Applied","Job","Manual Entry","05/10/2024 10:13:50",False,2,Qualified,7.33,0.00
23,"Christopher","White","christopher_white_10@gmail.com","Manual Entry",2024-05-10 10:13:49,"Software Developer with 4 years of experience in developing web and mobile applications. Proficient in a range of programming languages, with a focus on frontend development. Eager to join a dynamic team where I can contribute to developing innovative software solutions.",,"Software Developer","Applied","Job","Manual Entry","05/10/2024 10:13:49",False,2,Qualified,7.33,0.00
22,"Christopher","White","christopher_white_8@gmail.com","Manual Entry",2024-05-10 10:13:49,"Software Developer with 4 years of experience in developing web and mobile applications. Proficient in a range of programming languages, with a focus on frontend development. Eager to join a dynamic team where I can contribute to developing innovative software solutions.",,"Software Developer","Applied","Job","Manual Entry","05/10/2024 10:13:49",False,3,Highly Qualified,9.33,0.00
21,"Christopher","White","christopher_white_9@gmail.com","Manual Entry",2024-05-10 10:13:41,"Software Developer with 4 years of experience in developing web and mobile applications. Proficient in a range of programming languages, with a focus on frontend development. Eager to join a dynamic team where I can contribute to developing innovative software solutions.",,"Software Developer","Applied","Job","Manual Entry","05/10/2024 10:13:41",False,3,Highly Qualified,9.17,0.00
20,"Christopher","White","christopher_white_21@gmail.com","Manual Entry",2024-05-10 10:13:41,"Software Developer with 4 years of experience in developing web and mobile applications. Proficient in a range of programming languages, with a focus on frontend development. Eager to join a dynamic team where I can contribute to developing innovative software solutions.",,"Software Developer","Applied","Job","Manual Entry","05/10/2024 10:13:41",False,2,Qualified,7.33,0.00
19,"Christopher","White","christopher_white_48@gmail.com","Manual Entry",2024-05-10 10:13:41,"Software Developer with 4 years of experience in developing web and mobile applications. Proficient in a range of programming languages, with a focus on frontend development. Eager to join a dynamic team where I can contribute to developing innovative software solutions.",,"Software Developer","Applied","Job","Manual Entry","05/10/2024 10:13:41",False,3,Highly Qualified,9.00,0.00
18,"Christopher","White","christopher_white_22@gmail.com","Manual Entry",2024-05-10 10:13:40,"Software Developer with 4 years of experience in developing web and mobile applications. Proficient in a range of programming languages, with a focus on frontend development. Eager to join a dynamic team where I can contribute to developing innovative software solutions.",,"Software Developer","Applied","Job","Manual Entry","05/10/2024 10:13:40",False,2,Qualified,7.67,0.00
17,"Christopher","White","christopher_white_25@gmail.com","Manual Entry",2024-05-10 10:13:40,"Software Developer with 4 years of experience in developing web and mobile applications. Proficient in a range of programming languages, with a focus on frontend development. Eager to join a dynamic team where I can contribute to developing innovative software solutions.",,"Software Developer","Applied","Job","Manual Entry","05/10/2024 10:13:40",False,2,Qualified,7.50,0.00
16,"Christopher","White","christopher_white_42@gmail.com","Manual Entry",2024-05-10 10:13:39,"Software Developer with 4 years of experience in developing web and mobile applications. Proficient in a range of programming languages, with a focus on frontend development. Eager to join a dynamic team where I can contribute to developing innovative software solutions.",,"Software Developer","Applied","Job","Manual Entry","05/10/2024 10:13:39",False,2,Qualified,7.33,0.00
15,"Christopher","White","christopher_white_1@gmail.com","Manual Entry",2024-05-10 10:13:30,"Software Developer with 4 years of experience in developing web and mobile applications. Proficient in a range of programming languages, with a focus on frontend development. Eager to join a dynamic team where I can contribute to developing innovative software solutions.",,"Software Developer","Applied","Job","Manual Entry","05/10/2024 10:13:30",False,2,Qualified,7.33,0.00
14,"Christopher","White","christopher_white_5@gmail.com","Manual Entry",2024-05-10 10:13:30,"Software Developer with 4 years of experience in developing web and mobile applications. Proficient in a range of programming languages, with a focus on frontend development. Eager to join a dynamic team where I can contribute to developing innovative software solutions.",,"Software Developer","Applied","Job","Manual Entry","05/10/2024 10:13:30",False,2,Qualified,7.33,0.00
13,"Christopher","White","christopher_white_24@gmail.com","Manual Entry",2024-05-10 10:13:30,"Software Developer with 4 years of experience in developing web and mobile applications. Proficient in a range of programming languages, with a focus on frontend development. Eager to join a dynamic team where I can contribute to developing innovative software solutions.",,"Software Developer","Applied","Job","Manual Entry","05/10/2024 10:13:30",False,2,Qualified,7.33,0.00
12,"Christopher","White","christopher_white_30@gmail.com","Manual Entry",2024-05-10 10:13:30,"Software Developer with 4 years of experience in developing web and mobile applications. Proficient in a range of programming languages, with a focus on frontend development. Eager to join a dynamic team where I can contribute to developing innovative software solutions.",,"Software Developer","Applied","Job","Manual Entry","05/10/2024 10:13:30",False,2,Qualified,7.33,0.00
11,"Christopher","White","christopher_white_6@gmail.com","Manual Entry",2024-05-10 10:13:30,"Software Developer with 4 years of experience in developing web and mobile applications. Proficient in a range of programming languages, with a focus on frontend development. Eager to join a dynamic team where I can contribute to developing innovative software solutions.",,"Software Developer","Applied","Job","Manual Entry","05/10/2024 10:13:30",False,2,Qualified,6.77,0.00
10,"Christopher","White","christopher_white_19@gmail.com","Manual Entry",2024-05-10 10:13:29,"Software Developer with 4 years of experience in developing web and mobile applications. Proficient in a range of programming languages, with a focus on frontend development. Eager to join a dynamic team where I can contribute to developing innovative software solutions.",,"Software Developer","Applied","Job","Manual Entry","05/10/2024 10:13:29",False,2,Qualified,7.33,0.00
6,"Natalia","Rivera","natalia.rivera@talenteria.com","Manual Entry",2024-05-08 12:09:50,"Innovative and strategic Marketing Manager with over 12 years of experience in leading marketing teams and campaigns for global brands within the consumer goods sector. Expert in developing and executing marketing strategies that drive brand awareness, customer engagement, and sales growth. Adept at leveraging data analytics to inform decision-making and optimize ROI.","(555) 678-1234","Marketing Manager","Applied","Job","Manual Entry","05/08/2024 12:09:50",False,2,Qualified,7.17,0.00
5,"Kevin","Brooks","kevin.brooks@talenteria.com","Manual Entry",2024-05-08 12:09:50,"Marketing Manager with 5 years of experience in the retail industry, skilled in executing marketing campaigns and events. Adept at collaborating with sales teams to meet targets and improve customer engagement. Looking to leverage marketing skills to contribute to the growth of an innovative company.","(555) 789-4561","Marketing Manager","Applied","Job","Manual Entry","05/08/2024 12:09:50",False,1,Minimally Qualified,6.00,0.00
4,"Emily","Thompson","emily.thompson@talenteria.com","Manual Entry",2024-05-08 12:09:50,"Newly appointed Marketing Manager with a background in sales and customer service. Eager to learn and apply marketing principles to contribute to team objectives. Possesses basic knowledge of marketing strategies and tools, with a strong desire to develop professional marketing skills.","(555) 321-9876","Marketing Manager","Applied","Job","Manual Entry","05/08/2024 12:09:50",False,0,Not Qualified,2.67,0.00
3,"Samantha","Clark","samantha.clark@talenteria.com","Manual Entry",2024-05-08 12:09:50,"Dynamic and results-oriented Project Manager with over 10 years of experience in leading complex projects from conception to completion in the tech industry. Demonstrated ability to deliver projects on time and within budget while maintaining high-quality standards. Strong leadership skills with a proven track record of motivating cross-functional teams to exceed expectations.","(555) 123-4567","Project Manager","Applied","Job","Manual Entry","05/08/2024 12:09:50",False,2,Qualified,7.33,0.00
2,"Jake","Turner","jake.turner@talenteria.com","Manual Entry",2024-05-08 12:09:50,"Project Assistant with 2 years of experience in overseeing small-scale projects. Eager to learn and develop further project management skills. Capable of handling basic project tasks and supporting project teams.","(555) 345-6789","Project Manager","Applied","Job","Manual Entry","05/08/2024 12:09:50",False,0,Not Qualified,3.33,0.00
1,"Alex","Johnson","alex.johnson@talenteria.com","Manual Entry",2024-05-08 12:09:50,"Experienced Project Manager with 5 years of experience in managing a variety of projects within the IT sector. Skilled in coordinating teams, managing budgets, and meeting deadlines. Adept at problem-solving and maintaining strong relationships with clients and team members.","(555) 234-5678","Project Manager","Applied","Job","Manual Entry","05/08/2024 12:09:50",False,1,Minimally Qualified,6.33,0.00
